{"assets/audios/favicon.png":["assets/audios/favicon.png"],"assets/fonts/Lexend Deca-SemiBold.ttf":["assets/fonts/Lexend Deca-SemiBold.ttf"],"assets/fonts/Poppins-Medium.ttf":["assets/fonts/Poppins-Medium.ttf"],"assets/fonts/Poppins-Regular.ttf":["assets/fonts/Poppins-Regular.ttf"],"assets/fonts/Poppins-SemiBold.ttf":["assets/fonts/Poppins-SemiBold.ttf"],"assets/fonts/favicon.png":["assets/fonts/favicon.png"],"assets/images/app_launcher_icon.png":["assets/images/app_launcher_icon.png"],"assets/images/at-sign-svgrepo-com.svg":["assets/images/at-sign-svgrepo-com.svg"],"assets/images/circle-information-svgrepo-com.svg":["assets/images/circle-information-svgrepo-com.svg"],"assets/images/diamond-turn-right-svgrepo-com.svg":["assets/images/diamond-turn-right-svgrepo-com.svg"],"assets/images/favicon.png":["assets/images/favicon.png"],"assets/images/whatsapp-logo-variant-svgrepo-com.svg":["assets/images/whatsapp-logo-variant-svgrepo-com.svg"],"assets/lottie_animations/favicon.png":["assets/lottie_animations/favicon.png"],"assets/pdfs/favicon.png":["assets/pdfs/favicon.png"],"assets/rive_animations/favicon.png":["assets/rive_animations/favicon.png"],"assets/videos/favicon.png":["assets/videos/favicon.png"],"packages/cupertino_icons/assets/CupertinoIcons.ttf":["packages/cupertino_icons/assets/CupertinoIcons.ttf"],"packages/font_awesome_flutter/lib/fonts/fa-brands-400.ttf":["packages/font_awesome_flutter/lib/fonts/fa-brands-400.ttf"],"packages/font_awesome_flutter/lib/fonts/fa-regular-400.ttf":["packages/font_awesome_flutter/lib/fonts/fa-regular-400.ttf"],"packages/font_awesome_flutter/lib/fonts/fa-solid-900.ttf":["packages/font_awesome_flutter/lib/fonts/fa-solid-900.ttf"]}